"HITId","HITTypeId","Title","Description","Keywords","Reward","CreationTime","MaxAssignments","RequesterAnnotation","AssignmentDurationInSeconds","AutoApprovalDelayInSeconds","Expiration","NumberOfSimilarHITs","LifetimeInSeconds","AssignmentId","WorkerId","AssignmentStatus","AcceptTime","SubmitTime","AutoApprovalTime","ApprovalTime","RejectionTime","RequesterFeedback","WorkTimeInSeconds","LifetimeApprovalRate","Last30DaysApprovalRate","Last7DaysApprovalRate","Answer.surveycode","Approve","Reject"
"31GN6YMHMWFV8DVSYV4GWF5B5V0SWQ","37D300AOKUPRVL0O6GBTL43VK4YIDZ","Score computer generated poetry","Review a series of poems and score their quality","survey, reading","$2.00","Thu Jan 13 17:30:53 PST 2022","104","BatchId:4648358;OriginalHitTemplateId:920937340;","3600","432000","Sun Jan 16 13:49:35 PST 2022","","","308XBLVESQRT5FVYEHDH8AJIVSIRB5","A5GSJYGCTADR6","Submitted","Thu Jan 13 17:31:29 PST 2022","Thu Jan 13 17:46:18 PST 2022","Tue Jan 18 17:46:18 PST 2022","","","","889","0% (0/0)","0% (0/0)","0% (0/0)","69990"
"31GN6YMHMWFV8DVSYV4GWF5B5V0SWQ","37D300AOKUPRVL0O6GBTL43VK4YIDZ","Score computer generated poetry","Review a series of poems and score their quality","survey, reading","$2.00","Thu Jan 13 17:30:53 PST 2022","104","BatchId:4648358;OriginalHitTemplateId:920937340;","3600","432000","Sun Jan 16 13:49:35 PST 2022","","","30JNVC0ORH73KRJK1UYDPVCBUJLQHJ","A22HIX1M4QXZBB","Submitted","Thu Jan 13 17:30:56 PST 2022","Thu Jan 13 17:55:54 PST 2022","Tue Jan 18 17:55:54 PST 2022","","","","1498","0% (0/0)","0% (0/0)","0% (0/0)","88612"
"31GN6YMHMWFV8DVSYV4GWF5B5V0SWQ","37D300AOKUPRVL0O6GBTL43VK4YIDZ","Score computer generated poetry","Review a series of poems and score their quality","survey, reading","$2.00","Thu Jan 13 17:30:53 PST 2022","104","BatchId:4648358;OriginalHitTemplateId:920937340;","3600","432000","Sun Jan 16 13:49:35 PST 2022","","","30ZX6P7VFGIIJECPNJBX5QUNR5BJ23","A3O9MTZ2S9TJEO","Submitted","Thu Jan 13 17:31:07 PST 2022","Thu Jan 13 18:19:20 PST 2022","Tue Jan 18 18:19:20 PST 2022","","","","2893","0% (0/0)","0% (0/0)","0% (0/0)","39611"
"31GN6YMHMWFV8DVSYV4GWF5B5V0SWQ","37D300AOKUPRVL0O6GBTL43VK4YIDZ","Score computer generated poetry","Review a series of poems and score their quality","survey, reading","$2.00","Thu Jan 13 17:30:53 PST 2022","104","BatchId:4648358;OriginalHitTemplateId:920937340;","3600","432000","Sun Jan 16 13:49:35 PST 2022","","","31EUONYN23Q5HG1OR6NDFR8KNXEVO6","ATSG82EPAM963","Submitted","Thu Jan 13 18:31:38 PST 2022","Thu Jan 13 18:51:25 PST 2022","Tue Jan 18 18:51:25 PST 2022","","","","1187","0% (0/0)","0% (0/0)","0% (0/0)","49885"
"31GN6YMHMWFV8DVSYV4GWF5B5V0SWQ","37D300AOKUPRVL0O6GBTL43VK4YIDZ","Score computer generated poetry","Review a series of poems and score their quality","survey, reading","$2.00","Thu Jan 13 17:30:53 PST 2022","104","BatchId:4648358;OriginalHitTemplateId:920937340;","3600","432000","Sun Jan 16 13:49:35 PST 2022","","","31JLPPHS22HL57Z57WH7WWG1WDLO32","AVXEDARJC5HLU","Submitted","Thu Jan 13 19:31:47 PST 2022","Thu Jan 13 20:13:38 PST 2022","Tue Jan 18 20:13:38 PST 2022","","","","2511","0% (0/0)","0% (0/0)","0% (0/0)","71379"
"31GN6YMHMWFV8DVSYV4GWF5B5V0SWQ","37D300AOKUPRVL0O6GBTL43VK4YIDZ","Score computer generated poetry","Review a series of poems and score their quality","survey, reading","$2.00","Thu Jan 13 17:30:53 PST 2022","104","BatchId:4648358;OriginalHitTemplateId:920937340;","3600","432000","Sun Jan 16 13:49:35 PST 2022","","","31UV0MXWNYZEN0B6NKSVRWIZY0DI5R","A37JC45Y9GLSA7","Submitted","Thu Jan 13 17:30:55 PST 2022","Thu Jan 13 17:56:58 PST 2022","Tue Jan 18 17:56:58 PST 2022","","","","1563","100% (1/1)","100% (1/1)","0% (0/0)","32962"
"31GN6YMHMWFV8DVSYV4GWF5B5V0SWQ","37D300AOKUPRVL0O6GBTL43VK4YIDZ","Score computer generated poetry","Review a series of poems and score their quality","survey, reading","$2.00","Thu Jan 13 17:30:53 PST 2022","104","BatchId:4648358;OriginalHitTemplateId:920937340;","3600","432000","Sun Jan 16 13:49:35 PST 2022","","","32AT8R96GTWK2T4HTXUH3AG26F8SUB","A173A97OFDAX9F","Submitted","Thu Jan 13 17:31:06 PST 2022","Thu Jan 13 17:44:18 PST 2022","Tue Jan 18 17:44:18 PST 2022","","","","792","0% (0/0)","0% (0/0)","0% (0/0)","47961"
"31GN6YMHMWFV8DVSYV4GWF5B5V0SWQ","37D300AOKUPRVL0O6GBTL43VK4YIDZ","Score computer generated poetry","Review a series of poems and score their quality","survey, reading","$2.00","Thu Jan 13 17:30:53 PST 2022","104","BatchId:4648358;OriginalHitTemplateId:920937340;","3600","432000","Sun Jan 16 13:49:35 PST 2022","","","32VNZTT0AFR9KGAPZ23U0WDCL0B4RM","A2U1BB6W3GK3D9","Submitted","Thu Jan 13 18:32:30 PST 2022","Thu Jan 13 19:03:13 PST 2022","Tue Jan 18 19:03:13 PST 2022","","","","1843","0% (0/0)","0% (0/0)","0% (0/0)","22610"
"31GN6YMHMWFV8DVSYV4GWF5B5V0SWQ","37D300AOKUPRVL0O6GBTL43VK4YIDZ","Score computer generated poetry","Review a series of poems and score their quality","survey, reading","$2.00","Thu Jan 13 17:30:53 PST 2022","104","BatchId:4648358;OriginalHitTemplateId:920937340;","3600","432000","Sun Jan 16 13:49:35 PST 2022","","","32XVDSJFP7K8KMIAQGOPLIM4VZKM2O","AFEMP7DRLXX8E","Submitted","Thu Jan 13 19:45:26 PST 2022","Thu Jan 13 19:55:31 PST 2022","Tue Jan 18 19:55:31 PST 2022","","","","605","0% (0/0)","0% (0/0)","0% (0/0)","53121"
"31GN6YMHMWFV8DVSYV4GWF5B5V0SWQ","37D300AOKUPRVL0O6GBTL43VK4YIDZ","Score computer generated poetry","Review a series of poems and score their quality","survey, reading","$2.00","Thu Jan 13 17:30:53 PST 2022","104","BatchId:4648358;OriginalHitTemplateId:920937340;","3600","432000","Sun Jan 16 13:49:35 PST 2022","","","32ZKVD547NA1MDAW3RCLQCG2PE33BE","AKP66RIZ3LQVX","Submitted","Thu Jan 13 17:31:18 PST 2022","Thu Jan 13 18:12:01 PST 2022","Tue Jan 18 18:12:01 PST 2022","","","","2443","0% (0/0)","0% (0/0)","0% (0/0)","23129"
"31GN6YMHMWFV8DVSYV4GWF5B5V0SWQ","37D300AOKUPRVL0O6GBTL43VK4YIDZ","Score computer generated poetry","Review a series of poems and score their quality","survey, reading","$2.00","Thu Jan 13 17:30:53 PST 2022","104","BatchId:4648358;OriginalHitTemplateId:920937340;","3600","432000","Sun Jan 16 13:49:35 PST 2022","","","337RC3OW0DPXBVYREE7LNA4QSS9VLP","AONSG5WOC3OX0","Submitted","Thu Jan 13 17:31:17 PST 2022","Thu Jan 13 18:07:18 PST 2022","Tue Jan 18 18:07:18 PST 2022","","","","2161","0% (0/0)","0% (0/0)","0% (0/0)","59829"
"31GN6YMHMWFV8DVSYV4GWF5B5V0SWQ","37D300AOKUPRVL0O6GBTL43VK4YIDZ","Score computer generated poetry","Review a series of poems and score their quality","survey, reading","$2.00","Thu Jan 13 17:30:53 PST 2022","104","BatchId:4648358;OriginalHitTemplateId:920937340;","3600","432000","Sun Jan 16 13:49:35 PST 2022","","","33IZTU6J89OCJXYCY254NHF60YDXSY","A1WFXV9JOE2EEY","Submitted","Thu Jan 13 20:37:21 PST 2022","Thu Jan 13 21:02:39 PST 2022","Tue Jan 18 21:02:39 PST 2022","","","","1518","0% (0/0)","0% (0/0)","0% (0/0)","56873"
"31GN6YMHMWFV8DVSYV4GWF5B5V0SWQ","37D300AOKUPRVL0O6GBTL43VK4YIDZ","Score computer generated poetry","Review a series of poems and score their quality","survey, reading","$2.00","Thu Jan 13 17:30:53 PST 2022","104","BatchId:4648358;OriginalHitTemplateId:920937340;","3600","432000","Sun Jan 16 13:49:35 PST 2022","","","33LKR6A5KM758WQYG9PN2D7RX1OT11","A1NZFJHVJ9CNTO","Submitted","Thu Jan 13 17:31:07 PST 2022","Thu Jan 13 17:49:52 PST 2022","Tue Jan 18 17:49:52 PST 2022","","","","1125","0% (0/0)","0% (0/0)","0% (0/0)","35716"
"31GN6YMHMWFV8DVSYV4GWF5B5V0SWQ","37D300AOKUPRVL0O6GBTL43VK4YIDZ","Score computer generated poetry","Review a series of poems and score their quality","survey, reading","$2.00","Thu Jan 13 17:30:53 PST 2022","104","BatchId:4648358;OriginalHitTemplateId:920937340;","3600","432000","Sun Jan 16 13:49:35 PST 2022","","","34QN5IT0T7EM3NDSHSASXCSUEWY08H","ARTA4QQMVTHN2","Submitted","Thu Jan 13 17:30:56 PST 2022","Thu Jan 13 18:04:33 PST 2022","Tue Jan 18 18:04:33 PST 2022","","","","2017","0% (0/0)","0% (0/0)","0% (0/0)","52520"
"31GN6YMHMWFV8DVSYV4GWF5B5V0SWQ","37D300AOKUPRVL0O6GBTL43VK4YIDZ","Score computer generated poetry","Review a series of poems and score their quality","survey, reading","$2.00","Thu Jan 13 17:30:53 PST 2022","104","BatchId:4648358;OriginalHitTemplateId:920937340;","3600","432000","Sun Jan 16 13:49:35 PST 2022","","","34QN5IT0T7EM3NDSHSASXCSUEXK80D","A2OEKBQ1PYZ8IT","Submitted","Thu Jan 13 20:33:25 PST 2022","Thu Jan 13 21:24:20 PST 2022","Tue Jan 18 21:24:20 PST 2022","","","","3055","0% (0/0)","0% (0/0)","0% (0/0)","37803"
"31GN6YMHMWFV8DVSYV4GWF5B5V0SWQ","37D300AOKUPRVL0O6GBTL43VK4YIDZ","Score computer generated poetry","Review a series of poems and score their quality","survey, reading","$2.00","Thu Jan 13 17:30:53 PST 2022","104","BatchId:4648358;OriginalHitTemplateId:920937340;","3600","432000","Sun Jan 16 13:49:35 PST 2022","","","34S9DKFK7BC43PWHV2AK71C9F4BNYS","A2DFB2H2IKF28G","Submitted","Thu Jan 13 17:31:06 PST 2022","Thu Jan 13 17:52:02 PST 2022","Tue Jan 18 17:52:02 PST 2022","","","","1256","0% (0/0)","0% (0/0)","0% (0/0)","74595"
"31GN6YMHMWFV8DVSYV4GWF5B5V0SWQ","37D300AOKUPRVL0O6GBTL43VK4YIDZ","Score computer generated poetry","Review a series of poems and score their quality","survey, reading","$2.00","Thu Jan 13 17:30:53 PST 2022","104","BatchId:4648358;OriginalHitTemplateId:920937340;","3600","432000","Sun Jan 16 13:49:35 PST 2022","","","36AHBNMV1ZZVHD5468WHBW0F109YDL","A2TGBVF6GW6ENP","Submitted","Thu Jan 13 17:39:51 PST 2022","Thu Jan 13 18:36:19 PST 2022","Tue Jan 18 18:36:19 PST 2022","","","","3388","0% (0/0)","0% (0/0)","0% (0/0)","66795"
"31GN6YMHMWFV8DVSYV4GWF5B5V0SWQ","37D300AOKUPRVL0O6GBTL43VK4YIDZ","Score computer generated poetry","Review a series of poems and score their quality","survey, reading","$2.00","Thu Jan 13 17:30:53 PST 2022","104","BatchId:4648358;OriginalHitTemplateId:920937340;","3600","432000","Sun Jan 16 13:49:35 PST 2022","","","36ZN444YTZL0VAHOSZOU02IQFVIIOW","ATKD2VNN90SZS","Submitted","Thu Jan 13 18:15:43 PST 2022","Thu Jan 13 18:22:46 PST 2022","Tue Jan 18 18:22:46 PST 2022","","","","423","0% (0/0)","0% (0/0)","0% (0/0)","32775"
"31GN6YMHMWFV8DVSYV4GWF5B5V0SWQ","37D300AOKUPRVL0O6GBTL43VK4YIDZ","Score computer generated poetry","Review a series of poems and score their quality","survey, reading","$2.00","Thu Jan 13 17:30:53 PST 2022","104","BatchId:4648358;OriginalHitTemplateId:920937340;","3600","432000","Sun Jan 16 13:49:35 PST 2022","","","373ERPL3YWVT11PFE34284P41ZWTRB","A2C4FUBMQR2JP8","Submitted","Thu Jan 13 19:32:59 PST 2022","Thu Jan 13 19:48:25 PST 2022","Tue Jan 18 19:48:25 PST 2022","","","","926","0% (0/0)","0% (0/0)","0% (0/0)","53759"
"31GN6YMHMWFV8DVSYV4GWF5B5V0SWQ","37D300AOKUPRVL0O6GBTL43VK4YIDZ","Score computer generated poetry","Review a series of poems and score their quality","survey, reading","$2.00","Thu Jan 13 17:30:53 PST 2022","104","BatchId:4648358;OriginalHitTemplateId:920937340;","3600","432000","Sun Jan 16 13:49:35 PST 2022","","","378XPAWRUK0BT6NNIGJCZ7YLQEEIAX","A28V5VHC1DXP2S","Submitted","Thu Jan 13 17:42:05 PST 2022","Thu Jan 13 18:06:03 PST 2022","Tue Jan 18 18:06:03 PST 2022","","","","1438","0% (0/0)","0% (0/0)","0% (0/0)","13949"
"31GN6YMHMWFV8DVSYV4GWF5B5V0SWQ","37D300AOKUPRVL0O6GBTL43VK4YIDZ","Score computer generated poetry","Review a series of poems and score their quality","survey, reading","$2.00","Thu Jan 13 17:30:53 PST 2022","104","BatchId:4648358;OriginalHitTemplateId:920937340;","3600","432000","Sun Jan 16 13:49:35 PST 2022","","","37M28K1J0Y07OH7T0Y4CB8DL3T3JAA","A1XISPF7D72BAL","Submitted","Thu Jan 13 17:38:19 PST 2022","Thu Jan 13 18:24:08 PST 2022","Tue Jan 18 18:24:08 PST 2022","","","","2749","0% (0/0)","0% (0/0)","0% (0/0)","57504"
"31GN6YMHMWFV8DVSYV4GWF5B5V0SWQ","37D300AOKUPRVL0O6GBTL43VK4YIDZ","Score computer generated poetry","Review a series of poems and score their quality","survey, reading","$2.00","Thu Jan 13 17:30:53 PST 2022","104","BatchId:4648358;OriginalHitTemplateId:920937340;","3600","432000","Sun Jan 16 13:49:35 PST 2022","","","37TRT2X24YEC7RCL6C486JXRLBOJB5","AISOY7VBQC8FS","Submitted","Thu Jan 13 17:51:39 PST 2022","Thu Jan 13 18:08:59 PST 2022","Tue Jan 18 18:08:59 PST 2022","","","","1040","0% (0/0)","0% (0/0)","0% (0/0)","22467"
"31GN6YMHMWFV8DVSYV4GWF5B5V0SWQ","37D300AOKUPRVL0O6GBTL43VK4YIDZ","Score computer generated poetry","Review a series of poems and score their quality","survey, reading","$2.00","Thu Jan 13 17:30:53 PST 2022","104","BatchId:4648358;OriginalHitTemplateId:920937340;","3600","432000","Sun Jan 16 13:49:35 PST 2022","","","37UEWGM5H1VSSHD6CKKS2Y699GRR1M","A38J53OUX97ZIJ","Submitted","Thu Jan 13 18:31:38 PST 2022","Thu Jan 13 18:49:13 PST 2022","Tue Jan 18 18:49:13 PST 2022","","","","1055","0% (0/0)","0% (0/0)","0% (0/0)","50949"
"31GN6YMHMWFV8DVSYV4GWF5B5V0SWQ","37D300AOKUPRVL0O6GBTL43VK4YIDZ","Score computer generated poetry","Review a series of poems and score their quality","survey, reading","$2.00","Thu Jan 13 17:30:53 PST 2022","104","BatchId:4648358;OriginalHitTemplateId:920937340;","3600","432000","Sun Jan 16 13:49:35 PST 2022","","","37WLF8U1WXD1CZ18S6NCWIBCMZMK6T","A7CZIEVUW0V2O","Submitted","Thu Jan 13 18:31:59 PST 2022","Thu Jan 13 18:52:59 PST 2022","Tue Jan 18 18:52:59 PST 2022","","","","1260","0% (0/0)","0% (0/0)","0% (0/0)","49885"
"31GN6YMHMWFV8DVSYV4GWF5B5V0SWQ","37D300AOKUPRVL0O6GBTL43VK4YIDZ","Score computer generated poetry","Review a series of poems and score their quality","survey, reading","$2.00","Thu Jan 13 17:30:53 PST 2022","104","BatchId:4648358;OriginalHitTemplateId:920937340;","3600","432000","Sun Jan 16 13:49:35 PST 2022","","","37XITHEIS4WCFKN4SH9CJUP0DDIRCC","A30R9ABXS4EX2O","Submitted","Thu Jan 13 17:49:16 PST 2022","Thu Jan 13 18:02:35 PST 2022","Tue Jan 18 18:02:35 PST 2022","","","","799","0% (0/0)","0% (0/0)","0% (0/0)","52308"
"31GN6YMHMWFV8DVSYV4GWF5B5V0SWQ","37D300AOKUPRVL0O6GBTL43VK4YIDZ","Score computer generated poetry","Review a series of poems and score their quality","survey, reading","$2.00","Thu Jan 13 17:30:53 PST 2022","104","BatchId:4648358;OriginalHitTemplateId:920937340;","3600","432000","Sun Jan 16 13:49:35 PST 2022","","","39O5D9O871FKWI22HR8G1WMK7Z33CL","A30P0G1FV5311B","Submitted","Thu Jan 13 18:31:38 PST 2022","Thu Jan 13 18:52:12 PST 2022","Tue Jan 18 18:52:12 PST 2022","","","","1234","0% (0/0)","0% (0/0)","0% (0/0)","49885"
"31GN6YMHMWFV8DVSYV4GWF5B5V0SWQ","37D300AOKUPRVL0O6GBTL43VK4YIDZ","Score computer generated poetry","Review a series of poems and score their quality","survey, reading","$2.00","Thu Jan 13 17:30:53 PST 2022","104","BatchId:4648358;OriginalHitTemplateId:920937340;","3600","432000","Sun Jan 16 13:49:35 PST 2022","","","3A0EX8ZRNGB22G7KSC5BG6CFYFXYBE","A2H0EUFCRG1C6E","Submitted","Thu Jan 13 18:31:28 PST 2022","Thu Jan 13 19:06:59 PST 2022","Tue Jan 18 19:06:59 PST 2022","","","","2131","0% (0/0)","0% (0/0)","0% (0/0)","68105"
"31GN6YMHMWFV8DVSYV4GWF5B5V0SWQ","37D300AOKUPRVL0O6GBTL43VK4YIDZ","Score computer generated poetry","Review a series of poems and score their quality","survey, reading","$2.00","Thu Jan 13 17:30:53 PST 2022","104","BatchId:4648358;OriginalHitTemplateId:920937340;","3600","432000","Sun Jan 16 13:49:35 PST 2022","","","3AAPLD8UCK4GC7BCIYS8U0NYEQKTH0","A3UWPQMWIYK603","Submitted","Thu Jan 13 17:36:15 PST 2022","Thu Jan 13 17:43:03 PST 2022","Tue Jan 18 17:43:03 PST 2022","","","","408","0% (0/0)","0% (0/0)","0% (0/0)","80328"
"31GN6YMHMWFV8DVSYV4GWF5B5V0SWQ","37D300AOKUPRVL0O6GBTL43VK4YIDZ","Score computer generated poetry","Review a series of poems and score their quality","survey, reading","$2.00","Thu Jan 13 17:30:53 PST 2022","104","BatchId:4648358;OriginalHitTemplateId:920937340;","3600","432000","Sun Jan 16 13:49:35 PST 2022","","","3ATPCQ38JGXXJ62SMY5FLVS9GXCYAJ","A36IQHMJAMOWCO","Submitted","Thu Jan 13 17:31:07 PST 2022","Thu Jan 13 18:08:55 PST 2022","Tue Jan 18 18:08:55 PST 2022","","","","2268","0% (0/0)","0% (0/0)","0% (0/0)","57105"
"31GN6YMHMWFV8DVSYV4GWF5B5V0SWQ","37D300AOKUPRVL0O6GBTL43VK4YIDZ","Score computer generated poetry","Review a series of poems and score their quality","survey, reading","$2.00","Thu Jan 13 17:30:53 PST 2022","104","BatchId:4648358;OriginalHitTemplateId:920937340;","3600","432000","Sun Jan 16 13:49:35 PST 2022","","","3ATTHHXXWIBNPJVGTQBQJF9JRZWXIP","A33PY17224T6QB","Submitted","Thu Jan 13 18:31:59 PST 2022","Thu Jan 13 19:30:28 PST 2022","Tue Jan 18 19:30:28 PST 2022","","","","3509","0% (0/0)","0% (0/0)","0% (0/0)","37183"
"31GN6YMHMWFV8DVSYV4GWF5B5V0SWQ","37D300AOKUPRVL0O6GBTL43VK4YIDZ","Score computer generated poetry","Review a series of poems and score their quality","survey, reading","$2.00","Thu Jan 13 17:30:53 PST 2022","104","BatchId:4648358;OriginalHitTemplateId:920937340;","3600","432000","Sun Jan 16 13:49:35 PST 2022","","","3B2X28YI3420JWXEMTAJXFSMZ55B6S","ATNHVDCHE0XAL","Submitted","Thu Jan 13 17:31:18 PST 2022","Thu Jan 13 17:48:32 PST 2022","Tue Jan 18 17:48:32 PST 2022","","","","1034","0% (0/0)","0% (0/0)","0% (0/0)","11473"
"31GN6YMHMWFV8DVSYV4GWF5B5V0SWQ","37D300AOKUPRVL0O6GBTL43VK4YIDZ","Score computer generated poetry","Review a series of poems and score their quality","survey, reading","$2.00","Thu Jan 13 17:30:53 PST 2022","104","BatchId:4648358;OriginalHitTemplateId:920937340;","3600","432000","Sun Jan 16 13:49:35 PST 2022","","","3BEFOD78WEGIN0XXUU7DEXJ2FD2M46","A1Z698TRQCW2ZI","Submitted","Thu Jan 13 17:31:17 PST 2022","Thu Jan 13 17:59:40 PST 2022","Tue Jan 18 17:59:40 PST 2022","","","","1703","0% (0/0)","0% (0/0)","0% (0/0)","38710"
"31GN6YMHMWFV8DVSYV4GWF5B5V0SWQ","37D300AOKUPRVL0O6GBTL43VK4YIDZ","Score computer generated poetry","Review a series of poems and score their quality","survey, reading","$2.00","Thu Jan 13 17:30:53 PST 2022","104","BatchId:4648358;OriginalHitTemplateId:920937340;","3600","432000","Sun Jan 16 13:49:35 PST 2022","","","3CN4LGXD55BIHHMBDXVO8S69ONGY48","A2ELXYKRPPGRPB","Submitted","Thu Jan 13 17:31:06 PST 2022","Thu Jan 13 17:52:25 PST 2022","Tue Jan 18 17:52:25 PST 2022","","","","1279","0% (0/0)","0% (0/0)","0% (0/0)","50530"
"31GN6YMHMWFV8DVSYV4GWF5B5V0SWQ","37D300AOKUPRVL0O6GBTL43VK4YIDZ","Score computer generated poetry","Review a series of poems and score their quality","survey, reading","$2.00","Thu Jan 13 17:30:53 PST 2022","104","BatchId:4648358;OriginalHitTemplateId:920937340;","3600","432000","Sun Jan 16 13:49:35 PST 2022","","","3CN4LGXD55BIHHMBDXVO8S69ONJ4YH","A39U5KJGBXO4IA","Submitted","Thu Jan 13 17:42:05 PST 2022","Thu Jan 13 18:05:21 PST 2022","Tue Jan 18 18:05:21 PST 2022","","","","1396","0% (0/0)","0% (0/0)","0% (0/0)","38141"
"31GN6YMHMWFV8DVSYV4GWF5B5V0SWQ","37D300AOKUPRVL0O6GBTL43VK4YIDZ","Score computer generated poetry","Review a series of poems and score their quality","survey, reading","$2.00","Thu Jan 13 17:30:53 PST 2022","104","BatchId:4648358;OriginalHitTemplateId:920937340;","3600","432000","Sun Jan 16 13:49:35 PST 2022","","","3COPXFW7XJZ9M5JD72ML2I2TH44KPR","A2O62S0TE2VYVH","Submitted","Thu Jan 13 17:34:23 PST 2022","Thu Jan 13 18:00:22 PST 2022","Tue Jan 18 18:00:22 PST 2022","","","","1559","0% (0/0)","0% (0/0)","0% (0/0)","73314"
"31GN6YMHMWFV8DVSYV4GWF5B5V0SWQ","37D300AOKUPRVL0O6GBTL43VK4YIDZ","Score computer generated poetry","Review a series of poems and score their quality","survey, reading","$2.00","Thu Jan 13 17:30:53 PST 2022","104","BatchId:4648358;OriginalHitTemplateId:920937340;","3600","432000","Sun Jan 16 13:49:35 PST 2022","","","3COPXFW7XJZ9M5JD72ML2I2TH49PK1","AAF1SJ9FCBF75","Submitted","Thu Jan 13 18:06:30 PST 2022","Thu Jan 13 18:59:04 PST 2022","Tue Jan 18 18:59:04 PST 2022","","","","3154","0% (0/0)","0% (0/0)","0% (0/0)","13313"
"31GN6YMHMWFV8DVSYV4GWF5B5V0SWQ","37D300AOKUPRVL0O6GBTL43VK4YIDZ","Score computer generated poetry","Review a series of poems and score their quality","survey, reading","$2.00","Thu Jan 13 17:30:53 PST 2022","104","BatchId:4648358;OriginalHitTemplateId:920937340;","3600","432000","Sun Jan 16 13:49:35 PST 2022","","","3D4CH1LGEIGJSW7N0M59I0AL5JI9GV","A2EK1HDV4I4GSK","Submitted","Thu Jan 13 19:32:59 PST 2022","Thu Jan 13 19:52:45 PST 2022","Tue Jan 18 19:52:45 PST 2022","","","","1186","0% (0/0)","0% (0/0)","0% (0/0)","64479"
"31GN6YMHMWFV8DVSYV4GWF5B5V0SWQ","37D300AOKUPRVL0O6GBTL43VK4YIDZ","Score computer generated poetry","Review a series of poems and score their quality","survey, reading","$2.00","Thu Jan 13 17:30:53 PST 2022","104","BatchId:4648358;OriginalHitTemplateId:920937340;","3600","432000","Sun Jan 16 13:49:35 PST 2022","","","3DEL4X4ELE89FJALX8XT5337HILXYM","A237PUN7791D62","Submitted","Thu Jan 13 17:47:02 PST 2022","Thu Jan 13 18:12:20 PST 2022","Tue Jan 18 18:12:20 PST 2022","","","","1518","0% (0/0)","0% (0/0)","0% (0/0)","48829"
"31GN6YMHMWFV8DVSYV4GWF5B5V0SWQ","37D300AOKUPRVL0O6GBTL43VK4YIDZ","Score computer generated poetry","Review a series of poems and score their quality","survey, reading","$2.00","Thu Jan 13 17:30:53 PST 2022","104","BatchId:4648358;OriginalHitTemplateId:920937340;","3600","432000","Sun Jan 16 13:49:35 PST 2022","","","3DIP6YHAPKFLUDSMPZ97I1UY8X88EB","AH4WMTDAVHVMD","Submitted","Thu Jan 13 17:31:18 PST 2022","Thu Jan 13 17:59:57 PST 2022","Tue Jan 18 17:59:57 PST 2022","","","","1719","0% (0/0)","0% (0/0)","0% (0/0)","24956"
"31GN6YMHMWFV8DVSYV4GWF5B5V0SWQ","37D300AOKUPRVL0O6GBTL43VK4YIDZ","Score computer generated poetry","Review a series of poems and score their quality","survey, reading","$2.00","Thu Jan 13 17:30:53 PST 2022","104","BatchId:4648358;OriginalHitTemplateId:920937340;","3600","432000","Sun Jan 16 13:49:35 PST 2022","","","3EA3QWIZ4QIG82MWOGATUCODE3ZTIT","A1TRCNQIR3AMCV","Submitted","Thu Jan 13 17:31:18 PST 2022","Thu Jan 13 18:15:53 PST 2022","Tue Jan 18 18:15:53 PST 2022","","","","2675","0% (0/0)","0% (0/0)","0% (0/0)","19719"
"31GN6YMHMWFV8DVSYV4GWF5B5V0SWQ","37D300AOKUPRVL0O6GBTL43VK4YIDZ","Score computer generated poetry","Review a series of poems and score their quality","survey, reading","$2.00","Thu Jan 13 17:30:53 PST 2022","104","BatchId:4648358;OriginalHitTemplateId:920937340;","3600","432000","Sun Jan 16 13:49:35 PST 2022","","","3F6KKYWMNJO15E1QZ6N6UG28XG5DNA","A2KTVACRW9TU23","Submitted","Thu Jan 13 18:31:17 PST 2022","Thu Jan 13 18:42:34 PST 2022","Tue Jan 18 18:42:34 PST 2022","","","","677","0% (0/0)","0% (0/0)","0% (0/0)","58577"
"31GN6YMHMWFV8DVSYV4GWF5B5V0SWQ","37D300AOKUPRVL0O6GBTL43VK4YIDZ","Score computer generated poetry","Review a series of poems and score their quality","survey, reading","$2.00","Thu Jan 13 17:30:53 PST 2022","104","BatchId:4648358;OriginalHitTemplateId:920937340;","3600","432000","Sun Jan 16 13:49:35 PST 2022","","","3FE2ERCCZ5VSCW4S5UEE9ZJ219DOPE","A70TBKPGWQZO4","Submitted","Thu Jan 13 17:55:44 PST 2022","Thu Jan 13 18:47:37 PST 2022","Tue Jan 18 18:47:37 PST 2022","","","","3113","0% (0/0)","0% (0/0)","0% (0/0)","84468"
"31GN6YMHMWFV8DVSYV4GWF5B5V0SWQ","37D300AOKUPRVL0O6GBTL43VK4YIDZ","Score computer generated poetry","Review a series of poems and score their quality","survey, reading","$2.00","Thu Jan 13 17:30:53 PST 2022","104","BatchId:4648358;OriginalHitTemplateId:920937340;","3600","432000","Sun Jan 16 13:49:35 PST 2022","","","3G0WWMR1U37VUN5V4STQUF97GVUQNS","A1IIFW2SCSVDVN","Rejected","Thu Jan 13 17:31:06 PST 2022","Thu Jan 13 18:26:44 PST 2022","Tue Jan 18 18:26:44 PST 2022","","Sun Jan 16 12:49:36 PST 2022","Did not submit valid survey code. Used WorkerID instead","3338","0% (0/1)","0% (0/1)","0% (0/1)","A1IIFW2SCSVDVN"
"31GN6YMHMWFV8DVSYV4GWF5B5V0SWQ","37D300AOKUPRVL0O6GBTL43VK4YIDZ","Score computer generated poetry","Review a series of poems and score their quality","survey, reading","$2.00","Thu Jan 13 17:30:53 PST 2022","104","BatchId:4648358;OriginalHitTemplateId:920937340;","3600","432000","Sun Jan 16 13:49:35 PST 2022","","","3GNA64GUZMRR4YZP0SX40Y9LPAV5QI","AZ8JL3QNIPY4U","Submitted","Thu Jan 13 17:31:18 PST 2022","Thu Jan 13 17:47:01 PST 2022","Tue Jan 18 17:47:01 PST 2022","","","","943","0% (0/0)","0% (0/0)","0% (0/0)","46798"
"31GN6YMHMWFV8DVSYV4GWF5B5V0SWQ","37D300AOKUPRVL0O6GBTL43VK4YIDZ","Score computer generated poetry","Review a series of poems and score their quality","survey, reading","$2.00","Thu Jan 13 17:30:53 PST 2022","104","BatchId:4648358;OriginalHitTemplateId:920937340;","3600","432000","Sun Jan 16 13:49:35 PST 2022","","","3GNCZX450QA3ASARVB9W84ZXCSCAP4","A10U86LPGTLMVR","Submitted","Thu Jan 13 18:01:02 PST 2022","Thu Jan 13 18:11:39 PST 2022","Tue Jan 18 18:11:39 PST 2022","","","","637","0% (0/0)","0% (0/0)","0% (0/0)","82935"
"31GN6YMHMWFV8DVSYV4GWF5B5V0SWQ","37D300AOKUPRVL0O6GBTL43VK4YIDZ","Score computer generated poetry","Review a series of poems and score their quality","survey, reading","$2.00","Thu Jan 13 17:30:53 PST 2022","104","BatchId:4648358;OriginalHitTemplateId:920937340;","3600","432000","Sun Jan 16 13:49:35 PST 2022","","","3H8DHMCCWHY0X8GN2TVQ2OL43L0DK5","AHZ7C7ETHYX3N","Submitted","Thu Jan 13 17:30:55 PST 2022","Thu Jan 13 17:39:21 PST 2022","Tue Jan 18 17:39:21 PST 2022","","","","506","0% (0/0)","0% (0/0)","0% (0/0)","60259"
"31GN6YMHMWFV8DVSYV4GWF5B5V0SWQ","37D300AOKUPRVL0O6GBTL43VK4YIDZ","Score computer generated poetry","Review a series of poems and score their quality","survey, reading","$2.00","Thu Jan 13 17:30:53 PST 2022","104","BatchId:4648358;OriginalHitTemplateId:920937340;","3600","432000","Sun Jan 16 13:49:35 PST 2022","","","3HMIGG0U4TTJ0I9DP0L1P4MEQ9CY8F","A31JM0OGO39IRZ","Submitted","Thu Jan 13 17:31:07 PST 2022","Thu Jan 13 17:52:04 PST 2022","Tue Jan 18 17:52:04 PST 2022","","","","1257","0% (0/0)","0% (0/0)","0% (0/0)","41539"
"31GN6YMHMWFV8DVSYV4GWF5B5V0SWQ","37D300AOKUPRVL0O6GBTL43VK4YIDZ","Score computer generated poetry","Review a series of poems and score their quality","survey, reading","$2.00","Thu Jan 13 17:30:53 PST 2022","104","BatchId:4648358;OriginalHitTemplateId:920937340;","3600","432000","Sun Jan 16 13:49:35 PST 2022","","","3I0BTBYZA581IT4AUW8MWPGW7B10YV","A2Z771VXMLRYTR","Submitted","Thu Jan 13 19:36:03 PST 2022","Thu Jan 13 20:08:33 PST 2022","Tue Jan 18 20:08:33 PST 2022","","","","1950","0% (0/0)","0% (0/0)","0% (0/0)","78730"
"31GN6YMHMWFV8DVSYV4GWF5B5V0SWQ","37D300AOKUPRVL0O6GBTL43VK4YIDZ","Score computer generated poetry","Review a series of poems and score their quality","survey, reading","$2.00","Thu Jan 13 17:30:53 PST 2022","104","BatchId:4648358;OriginalHitTemplateId:920937340;","3600","432000","Sun Jan 16 13:49:35 PST 2022","","","3I2PTA7R31HUMHKS7F1A2NS3M0PKQH","A3EQR9C0L23O6E","Submitted","Thu Jan 13 17:30:55 PST 2022","Thu Jan 13 17:48:49 PST 2022","Tue Jan 18 17:48:49 PST 2022","","","","1074","0% (0/0)","0% (0/0)","0% (0/0)","57641"
"31GN6YMHMWFV8DVSYV4GWF5B5V0SWQ","37D300AOKUPRVL0O6GBTL43VK4YIDZ","Score computer generated poetry","Review a series of poems and score their quality","survey, reading","$2.00","Thu Jan 13 17:30:53 PST 2022","104","BatchId:4648358;OriginalHitTemplateId:920937340;","3600","432000","Sun Jan 16 13:49:35 PST 2022","","","3I3WADAZ9YROJMM9LF50BTELA9D5OA","A3L2XKXABNO0N5","Submitted","Thu Jan 13 17:31:18 PST 2022","Thu Jan 13 18:10:30 PST 2022","Tue Jan 18 18:10:30 PST 2022","","","","2352","0% (0/0)","0% (0/0)","0% (0/0)","13844"
"31GN6YMHMWFV8DVSYV4GWF5B5V0SWQ","37D300AOKUPRVL0O6GBTL43VK4YIDZ","Score computer generated poetry","Review a series of poems and score their quality","survey, reading","$2.00","Thu Jan 13 17:30:53 PST 2022","104","BatchId:4648358;OriginalHitTemplateId:920937340;","3600","432000","Sun Jan 16 13:49:35 PST 2022","","","3I3WADAZ9YROJMM9LF50BTELA9P5OM","A2NPCNKHRKQ9GR","Submitted","Thu Jan 13 19:14:01 PST 2022","Thu Jan 13 19:47:18 PST 2022","Tue Jan 18 19:47:18 PST 2022","","","","1997","0% (0/0)","0% (0/0)","0% (0/0)","49544"
"31GN6YMHMWFV8DVSYV4GWF5B5V0SWQ","37D300AOKUPRVL0O6GBTL43VK4YIDZ","Score computer generated poetry","Review a series of poems and score their quality","survey, reading","$2.00","Thu Jan 13 17:30:53 PST 2022","104","BatchId:4648358;OriginalHitTemplateId:920937340;","3600","432000","Sun Jan 16 13:49:35 PST 2022","","","3II4UPYCORUM8BEIFYFNYAXD2RSDQX","AYPOAY43REHC8","Submitted","Thu Jan 13 18:31:38 PST 2022","Thu Jan 13 19:10:38 PST 2022","Tue Jan 18 19:10:38 PST 2022","","","","2340","0% (0/0)","0% (0/0)","0% (0/0)","54588"
"31GN6YMHMWFV8DVSYV4GWF5B5V0SWQ","37D300AOKUPRVL0O6GBTL43VK4YIDZ","Score computer generated poetry","Review a series of poems and score their quality","survey, reading","$2.00","Thu Jan 13 17:30:53 PST 2022","104","BatchId:4648358;OriginalHitTemplateId:920937340;","3600","432000","Sun Jan 16 13:49:35 PST 2022","","","3IJXV6UZ1563SN94KR5YUXNVQI2RIE","A26UIS59SY4NM6","Submitted","Thu Jan 13 17:31:18 PST 2022","Thu Jan 13 17:48:38 PST 2022","Tue Jan 18 17:48:38 PST 2022","","","","1040","0% (0/0)","0% (0/0)","0% (0/0)","87911"
"31GN6YMHMWFV8DVSYV4GWF5B5V0SWQ","37D300AOKUPRVL0O6GBTL43VK4YIDZ","Score computer generated poetry","Review a series of poems and score their quality","survey, reading","$2.00","Thu Jan 13 17:30:53 PST 2022","104","BatchId:4648358;OriginalHitTemplateId:920937340;","3600","432000","Sun Jan 16 13:49:35 PST 2022","","","3IXEICO79A60FIRVMF14X9Y85C4T6Z","AF8NVW4VDBHTL","Rejected","Thu Jan 13 17:31:07 PST 2022","Thu Jan 13 18:21:21 PST 2022","Tue Jan 18 18:21:21 PST 2022","","Sun Jan 16 12:49:36 PST 2022","Did not submit valid survey code. Used WorkerID instead","3014","0% (0/1)","0% (0/1)","0% (0/1)","AF8NVW4VDBHTL"
"31GN6YMHMWFV8DVSYV4GWF5B5V0SWQ","37D300AOKUPRVL0O6GBTL43VK4YIDZ","Score computer generated poetry","Review a series of poems and score their quality","survey, reading","$2.00","Thu Jan 13 17:30:53 PST 2022","104","BatchId:4648358;OriginalHitTemplateId:920937340;","3600","432000","Sun Jan 16 13:49:35 PST 2022","","","3J4Q2Z4UT6QLHHE9WTKDQYMY97YQWJ","A3G31NUKFKLDMI","Submitted","Thu Jan 13 17:46:11 PST 2022","Thu Jan 13 18:40:46 PST 2022","Tue Jan 18 18:40:46 PST 2022","","","","3275","0% (0/0)","0% (0/0)","0% (0/0)","82353"
"31GN6YMHMWFV8DVSYV4GWF5B5V0SWQ","37D300AOKUPRVL0O6GBTL43VK4YIDZ","Score computer generated poetry","Review a series of poems and score their quality","survey, reading","$2.00","Thu Jan 13 17:30:53 PST 2022","104","BatchId:4648358;OriginalHitTemplateId:920937340;","3600","432000","Sun Jan 16 13:49:35 PST 2022","","","3KB8R4ZV1MU2GPMKY6J5965BTJ7GBY","A3QLGMZOLGMBQ1","Submitted","Thu Jan 13 17:30:56 PST 2022","Thu Jan 13 17:50:04 PST 2022","Tue Jan 18 17:50:04 PST 2022","","","","1148","0% (0/0)","0% (0/0)","0% (0/0)","76291"
"31GN6YMHMWFV8DVSYV4GWF5B5V0SWQ","37D300AOKUPRVL0O6GBTL43VK4YIDZ","Score computer generated poetry","Review a series of poems and score their quality","survey, reading","$2.00","Thu Jan 13 17:30:53 PST 2022","104","BatchId:4648358;OriginalHitTemplateId:920937340;","3600","432000","Sun Jan 16 13:49:35 PST 2022","","","3L0KT67Y8M31J2OM3YR66VMF23JSY9","AY1AFPZSEV5E2","Submitted","Thu Jan 13 18:31:17 PST 2022","Thu Jan 13 18:46:19 PST 2022","Tue Jan 18 18:46:19 PST 2022","","","","902","0% (0/0)","0% (0/0)","0% (0/0)","13080"
"31GN6YMHMWFV8DVSYV4GWF5B5V0SWQ","37D300AOKUPRVL0O6GBTL43VK4YIDZ","Score computer generated poetry","Review a series of poems and score their quality","survey, reading","$2.00","Thu Jan 13 17:30:53 PST 2022","104","BatchId:4648358;OriginalHitTemplateId:920937340;","3600","432000","Sun Jan 16 13:49:35 PST 2022","","","3L2IS5HSFI5NMGCCL1DV4G6WJG0UN1","A2YC6PEMIRSOAA","Submitted","Thu Jan 13 17:30:56 PST 2022","Thu Jan 13 17:57:13 PST 2022","Tue Jan 18 17:57:13 PST 2022","","","","1577","0% (0/0)","0% (0/0)","0% (0/0)","82647"
"31GN6YMHMWFV8DVSYV4GWF5B5V0SWQ","37D300AOKUPRVL0O6GBTL43VK4YIDZ","Score computer generated poetry","Review a series of poems and score their quality","survey, reading","$2.00","Thu Jan 13 17:30:53 PST 2022","104","BatchId:4648358;OriginalHitTemplateId:920937340;","3600","432000","Sun Jan 16 13:49:35 PST 2022","","","3LQ8PUHQFTFQ3TV1OMT4GTLP394IH8","A2N88VVHMX9X4G","Submitted","Thu Jan 13 18:31:07 PST 2022","Thu Jan 13 19:24:38 PST 2022","Tue Jan 18 19:24:38 PST 2022","","","","3211","0% (0/0)","0% (0/0)","0% (0/0)","43926"
"31GN6YMHMWFV8DVSYV4GWF5B5V0SWQ","37D300AOKUPRVL0O6GBTL43VK4YIDZ","Score computer generated poetry","Review a series of poems and score their quality","survey, reading","$2.00","Thu Jan 13 17:30:53 PST 2022","104","BatchId:4648358;OriginalHitTemplateId:920937340;","3600","432000","Sun Jan 16 13:49:35 PST 2022","","","3LS2AMNW5NDDC85757T3949C65ZQO7","A3908297ZI3LES","Submitted","Thu Jan 13 17:31:06 PST 2022","Thu Jan 13 18:06:00 PST 2022","Tue Jan 18 18:06:00 PST 2022","","","","2094","0% (0/0)","0% (0/0)","0% (0/0)","17777"
"31GN6YMHMWFV8DVSYV4GWF5B5V0SWQ","37D300AOKUPRVL0O6GBTL43VK4YIDZ","Score computer generated poetry","Review a series of poems and score their quality","survey, reading","$2.00","Thu Jan 13 17:30:53 PST 2022","104","BatchId:4648358;OriginalHitTemplateId:920937340;","3600","432000","Sun Jan 16 13:49:35 PST 2022","","","3M1CVSFP68SOA4B6VOOL89P7HOVQA8","A2Q0XPK1CBAKFA","Submitted","Thu Jan 13 17:30:55 PST 2022","Thu Jan 13 18:11:49 PST 2022","Tue Jan 18 18:11:49 PST 2022","","","","2454","0% (0/0)","0% (0/0)","0% (0/0)","22756"
"31GN6YMHMWFV8DVSYV4GWF5B5V0SWQ","37D300AOKUPRVL0O6GBTL43VK4YIDZ","Score computer generated poetry","Review a series of poems and score their quality","survey, reading","$2.00","Thu Jan 13 17:30:53 PST 2022","104","BatchId:4648358;OriginalHitTemplateId:920937340;","3600","432000","Sun Jan 16 13:49:35 PST 2022","","","3M68NM076PUNZ3E3IQW9XUXQHR7R6K","A1K113CD8JEHC7","Submitted","Thu Jan 13 17:31:07 PST 2022","Thu Jan 13 18:07:46 PST 2022","Tue Jan 18 18:07:46 PST 2022","","","","2199","0% (0/0)","0% (0/0)","0% (0/0)","30267"
"31GN6YMHMWFV8DVSYV4GWF5B5V0SWQ","37D300AOKUPRVL0O6GBTL43VK4YIDZ","Score computer generated poetry","Review a series of poems and score their quality","survey, reading","$2.00","Thu Jan 13 17:30:53 PST 2022","104","BatchId:4648358;OriginalHitTemplateId:920937340;","3600","432000","Sun Jan 16 13:49:35 PST 2022","","","3N4BPTXIOGFMEAR9OOLFCOPSPLVUKW","A489K1IFOM4JW","Submitted","Thu Jan 13 17:37:27 PST 2022","Thu Jan 13 18:36:25 PST 2022","Tue Jan 18 18:36:25 PST 2022","","","","3538","0% (0/0)","0% (0/0)","0% (0/0)","58162"
"31GN6YMHMWFV8DVSYV4GWF5B5V0SWQ","37D300AOKUPRVL0O6GBTL43VK4YIDZ","Score computer generated poetry","Review a series of poems and score their quality","survey, reading","$2.00","Thu Jan 13 17:30:53 PST 2022","104","BatchId:4648358;OriginalHitTemplateId:920937340;","3600","432000","Sun Jan 16 13:49:35 PST 2022","","","3NQL1CS15ZVHBU5QXTWBHI6M17UVYY","A2K2CAE20SSNP3","Submitted","Thu Jan 13 20:01:08 PST 2022","Thu Jan 13 20:42:10 PST 2022","Tue Jan 18 20:42:10 PST 2022","","","","2462","0% (0/0)","0% (0/0)","0% (0/0)","73071"
"31GN6YMHMWFV8DVSYV4GWF5B5V0SWQ","37D300AOKUPRVL0O6GBTL43VK4YIDZ","Score computer generated poetry","Review a series of poems and score their quality","survey, reading","$2.00","Thu Jan 13 17:30:53 PST 2022","104","BatchId:4648358;OriginalHitTemplateId:920937340;","3600","432000","Sun Jan 16 13:49:35 PST 2022","","","3O7L7BFSHMCEJJ4ZYLLYVQOCBTCIES","A3MIDLO5S7FU06","Submitted","Thu Jan 13 17:30:56 PST 2022","Thu Jan 13 18:19:45 PST 2022","Tue Jan 18 18:19:45 PST 2022","","","","2929","0% (0/0)","0% (0/0)","0% (0/0)","74565"
"31GN6YMHMWFV8DVSYV4GWF5B5V0SWQ","37D300AOKUPRVL0O6GBTL43VK4YIDZ","Score computer generated poetry","Review a series of poems and score their quality","survey, reading","$2.00","Thu Jan 13 17:30:53 PST 2022","104","BatchId:4648358;OriginalHitTemplateId:920937340;","3600","432000","Sun Jan 16 13:49:35 PST 2022","","","3OB0CAO74PCCTTA6S4F72HFDTS2YHU","A18T7E73TNGOKP","Submitted","Thu Jan 13 17:32:40 PST 2022","Thu Jan 13 18:10:55 PST 2022","Tue Jan 18 18:10:55 PST 2022","","","","2295","0% (0/0)","0% (0/0)","0% (0/0)","30261"
"31GN6YMHMWFV8DVSYV4GWF5B5V0SWQ","37D300AOKUPRVL0O6GBTL43VK4YIDZ","Score computer generated poetry","Review a series of poems and score their quality","survey, reading","$2.00","Thu Jan 13 17:30:53 PST 2022","104","BatchId:4648358;OriginalHitTemplateId:920937340;","3600","432000","Sun Jan 16 13:49:35 PST 2022","","","3OCHAWUVGW7EVEL4TTW2WVOWJ3HKXJ","A36IW4DOSSCEPQ","Submitted","Thu Jan 13 17:54:02 PST 2022","Thu Jan 13 18:12:28 PST 2022","Tue Jan 18 18:12:28 PST 2022","","","","1106","0% (0/0)","0% (0/0)","0% (0/0)","48253"
"31GN6YMHMWFV8DVSYV4GWF5B5V0SWQ","37D300AOKUPRVL0O6GBTL43VK4YIDZ","Score computer generated poetry","Review a series of poems and score their quality","survey, reading","$2.00","Thu Jan 13 17:30:53 PST 2022","104","BatchId:4648358;OriginalHitTemplateId:920937340;","3600","432000","Sun Jan 16 13:49:35 PST 2022","","","3ON104KXQSJESCRBYWD0NVLTDFUW4L","A2L22QZ8659UBE","Submitted","Thu Jan 13 19:32:28 PST 2022","Thu Jan 13 20:20:38 PST 2022","Tue Jan 18 20:20:38 PST 2022","","","","2890","0% (0/0)","0% (0/0)","0% (0/0)","76581"
"31GN6YMHMWFV8DVSYV4GWF5B5V0SWQ","37D300AOKUPRVL0O6GBTL43VK4YIDZ","Score computer generated poetry","Review a series of poems and score their quality","survey, reading","$2.00","Thu Jan 13 17:30:53 PST 2022","104","BatchId:4648358;OriginalHitTemplateId:920937340;","3600","432000","Sun Jan 16 13:49:35 PST 2022","","","3PB5A5BD03TFEDJULP7P44JFATGG7C","A13WTEQ06V3B6D","Submitted","Thu Jan 13 17:30:56 PST 2022","Thu Jan 13 18:07:45 PST 2022","Tue Jan 18 18:07:45 PST 2022","","","","2209","0% (0/0)","0% (0/0)","0% (0/0)","16391"
"31GN6YMHMWFV8DVSYV4GWF5B5V0SWQ","37D300AOKUPRVL0O6GBTL43VK4YIDZ","Score computer generated poetry","Review a series of poems and score their quality","survey, reading","$2.00","Thu Jan 13 17:30:53 PST 2022","104","BatchId:4648358;OriginalHitTemplateId:920937340;","3600","432000","Sun Jan 16 13:49:35 PST 2022","","","3PEIJLRY61G5QEFLI7F5K6IR6ALXWN","A1O67YS3DU0ZHX","Submitted","Thu Jan 13 18:31:38 PST 2022","Thu Jan 13 19:30:41 PST 2022","Tue Jan 18 19:30:41 PST 2022","","","","3543","0% (0/0)","0% (0/0)","0% (0/0)","28430"
"31GN6YMHMWFV8DVSYV4GWF5B5V0SWQ","37D300AOKUPRVL0O6GBTL43VK4YIDZ","Score computer generated poetry","Review a series of poems and score their quality","survey, reading","$2.00","Thu Jan 13 17:30:53 PST 2022","104","BatchId:4648358;OriginalHitTemplateId:920937340;","3600","432000","Sun Jan 16 13:49:35 PST 2022","","","3PM8NZGV86306HJZ6YGZSH05I94XQJ","A24ZP6TOKYBSQS","Submitted","Thu Jan 13 17:30:56 PST 2022","Thu Jan 13 18:02:22 PST 2022","Tue Jan 18 18:02:22 PST 2022","","","","1886","0% (0/0)","0% (0/0)","0% (0/0)","47346"
"31GN6YMHMWFV8DVSYV4GWF5B5V0SWQ","37D300AOKUPRVL0O6GBTL43VK4YIDZ","Score computer generated poetry","Review a series of poems and score their quality","survey, reading","$2.00","Thu Jan 13 17:30:53 PST 2022","104","BatchId:4648358;OriginalHitTemplateId:920937340;","3600","432000","Sun Jan 16 13:49:35 PST 2022","","","3QRYMNZ7F648M3XNLWNLZKKU02TNT3","A2CEGS0NVDBCPT","Submitted","Thu Jan 13 17:30:56 PST 2022","Thu Jan 13 17:56:08 PST 2022","Tue Jan 18 17:56:08 PST 2022","","","","1512","100% (1/1)","0% (0/0)","0% (0/0)","60012"
"31GN6YMHMWFV8DVSYV4GWF5B5V0SWQ","37D300AOKUPRVL0O6GBTL43VK4YIDZ","Score computer generated poetry","Review a series of poems and score their quality","survey, reading","$2.00","Thu Jan 13 17:30:53 PST 2022","104","BatchId:4648358;OriginalHitTemplateId:920937340;","3600","432000","Sun Jan 16 13:49:35 PST 2022","","","3QUO65DNQ2B541COMGD8J5619QEUOP","A12OQQMRHWEE20","Submitted","Thu Jan 13 19:32:18 PST 2022","Thu Jan 13 20:05:33 PST 2022","Tue Jan 18 20:05:33 PST 2022","","","","1995","0% (0/0)","0% (0/0)","0% (0/0)","58471"
"31GN6YMHMWFV8DVSYV4GWF5B5V0SWQ","37D300AOKUPRVL0O6GBTL43VK4YIDZ","Score computer generated poetry","Review a series of poems and score their quality","survey, reading","$2.00","Thu Jan 13 17:30:53 PST 2022","104","BatchId:4648358;OriginalHitTemplateId:920937340;","3600","432000","Sun Jan 16 13:49:35 PST 2022","","","3RWE2M8QWPX76U0WNUZBF9IP3R5N00","A3EQX5PTQQU65K","Submitted","Thu Jan 13 18:31:59 PST 2022","Thu Jan 13 19:18:44 PST 2022","Tue Jan 18 19:18:44 PST 2022","","","","2805","0% (0/0)","0% (0/0)","0% (0/0)","23145"
"31GN6YMHMWFV8DVSYV4GWF5B5V0SWQ","37D300AOKUPRVL0O6GBTL43VK4YIDZ","Score computer generated poetry","Review a series of poems and score their quality","survey, reading","$2.00","Thu Jan 13 17:30:53 PST 2022","104","BatchId:4648358;OriginalHitTemplateId:920937340;","3600","432000","Sun Jan 16 13:49:35 PST 2022","","","3S0TNUHWK15G27EMT4YNCJCD8L78DI","A2I960JYUZ8KAV","Submitted","Thu Jan 13 18:31:48 PST 2022","Thu Jan 13 19:12:28 PST 2022","Tue Jan 18 19:12:28 PST 2022","","","","2440","0% (0/0)","0% (0/0)","0% (0/0)","57365"
"31GN6YMHMWFV8DVSYV4GWF5B5V0SWQ","37D300AOKUPRVL0O6GBTL43VK4YIDZ","Score computer generated poetry","Review a series of poems and score their quality","survey, reading","$2.00","Thu Jan 13 17:30:53 PST 2022","104","BatchId:4648358;OriginalHitTemplateId:920937340;","3600","432000","Sun Jan 16 13:49:35 PST 2022","","","3SBEHTYCWVQCPOLQYMXS2TGST5HYIN","A28TNB0OOJ8LTU","Submitted","Thu Jan 13 17:31:18 PST 2022","Thu Jan 13 18:14:56 PST 2022","Tue Jan 18 18:14:56 PST 2022","","","","2618","0% (0/0)","0% (0/0)","0% (0/0)","36233"
"31GN6YMHMWFV8DVSYV4GWF5B5V0SWQ","37D300AOKUPRVL0O6GBTL43VK4YIDZ","Score computer generated poetry","Review a series of poems and score their quality","survey, reading","$2.00","Thu Jan 13 17:30:53 PST 2022","104","BatchId:4648358;OriginalHitTemplateId:920937340;","3600","432000","Sun Jan 16 13:49:35 PST 2022","","","3TDXMTX3CJHA64BKS320J2WZUVOI67","A1RCVIJAS2Z3GC","Submitted","Thu Jan 13 17:30:55 PST 2022","Thu Jan 13 17:59:32 PST 2022","Tue Jan 18 17:59:32 PST 2022","","","","1717","0% (0/0)","0% (0/0)","0% (0/0)","74945"
"31GN6YMHMWFV8DVSYV4GWF5B5V0SWQ","37D300AOKUPRVL0O6GBTL43VK4YIDZ","Score computer generated poetry","Review a series of poems and score their quality","survey, reading","$2.00","Thu Jan 13 17:30:53 PST 2022","104","BatchId:4648358;OriginalHitTemplateId:920937340;","3600","432000","Sun Jan 16 13:49:35 PST 2022","","","3TDXMTX3CJHA64BKS320J2WZUVX6I4","AWTGJ45ZWUCHH","Submitted","Thu Jan 13 18:22:54 PST 2022","Thu Jan 13 18:58:50 PST 2022","Tue Jan 18 18:58:50 PST 2022","","","","2156","0% (0/0)","0% (0/0)","0% (0/0)","11120"
"31GN6YMHMWFV8DVSYV4GWF5B5V0SWQ","37D300AOKUPRVL0O6GBTL43VK4YIDZ","Score computer generated poetry","Review a series of poems and score their quality","survey, reading","$2.00","Thu Jan 13 17:30:53 PST 2022","104","BatchId:4648358;OriginalHitTemplateId:920937340;","3600","432000","Sun Jan 16 13:49:35 PST 2022","","","3TGOYF991590H6WLI2PHIBYQRCTUUT","A1DD23J1WBGQUU","Submitted","Thu Jan 13 17:31:06 PST 2022","Thu Jan 13 17:40:26 PST 2022","Tue Jan 18 17:40:26 PST 2022","","","","560","0% (0/0)","0% (0/0)","0% (0/0)","71884"
"31GN6YMHMWFV8DVSYV4GWF5B5V0SWQ","37D300AOKUPRVL0O6GBTL43VK4YIDZ","Score computer generated poetry","Review a series of poems and score their quality","survey, reading","$2.00","Thu Jan 13 17:30:53 PST 2022","104","BatchId:4648358;OriginalHitTemplateId:920937340;","3600","432000","Sun Jan 16 13:49:35 PST 2022","","","3TK8OJTYM98N2GDP660S4RDAX2AVPN","A3V4AW6DGWBHDO","Submitted","Thu Jan 13 17:31:18 PST 2022","Thu Jan 13 17:49:06 PST 2022","Tue Jan 18 17:49:06 PST 2022","","","","1068","0% (0/0)","0% (0/0)","0% (0/0)","89263"
"31GN6YMHMWFV8DVSYV4GWF5B5V0SWQ","37D300AOKUPRVL0O6GBTL43VK4YIDZ","Score computer generated poetry","Review a series of poems and score their quality","survey, reading","$2.00","Thu Jan 13 17:30:53 PST 2022","104","BatchId:4648358;OriginalHitTemplateId:920937340;","3600","432000","Sun Jan 16 13:49:35 PST 2022","","","3UJ1CZ6IZPC3HEE2SWM9VYOM7YG5S7","AZTYIBLLB60V8","Submitted","Thu Jan 13 17:31:18 PST 2022","Thu Jan 13 17:52:22 PST 2022","Tue Jan 18 17:52:22 PST 2022","","","","1264","0% (0/0)","0% (0/0)","0% (0/0)","58014"
"31GN6YMHMWFV8DVSYV4GWF5B5V0SWQ","37D300AOKUPRVL0O6GBTL43VK4YIDZ","Score computer generated poetry","Review a series of poems and score their quality","survey, reading","$2.00","Thu Jan 13 17:30:53 PST 2022","104","BatchId:4648358;OriginalHitTemplateId:920937340;","3600","432000","Sun Jan 16 13:49:35 PST 2022","","","3UOUJI6MTL1SYAQGN7042IXULUAUXL","A1F4GAT1TNORPP","Submitted","Thu Jan 13 17:31:06 PST 2022","Thu Jan 13 17:52:04 PST 2022","Tue Jan 18 17:52:04 PST 2022","","","","1258","0% (0/0)","0% (0/0)","0% (0/0)","65518"
"31GN6YMHMWFV8DVSYV4GWF5B5V0SWQ","37D300AOKUPRVL0O6GBTL43VK4YIDZ","Score computer generated poetry","Review a series of poems and score their quality","survey, reading","$2.00","Thu Jan 13 17:30:53 PST 2022","104","BatchId:4648358;OriginalHitTemplateId:920937340;","3600","432000","Sun Jan 16 13:49:35 PST 2022","","","3V5Q80FXI5E7Y0A0KYJAPJDYV8Q32C","A3TUJBPLJGTI5","Submitted","Thu Jan 13 17:31:07 PST 2022","Thu Jan 13 17:44:44 PST 2022","Tue Jan 18 17:44:44 PST 2022","","","","817","0% (0/0)","0% (0/0)","0% (0/0)","54303"
"31GN6YMHMWFV8DVSYV4GWF5B5V0SWQ","37D300AOKUPRVL0O6GBTL43VK4YIDZ","Score computer generated poetry","Review a series of poems and score their quality","survey, reading","$2.00","Thu Jan 13 17:30:53 PST 2022","104","BatchId:4648358;OriginalHitTemplateId:920937340;","3600","432000","Sun Jan 16 13:49:35 PST 2022","","","3VELCLL3GS6VPR8XLPKYL9SQ6SY1FJ","A3LPASPG0SD7WZ","Submitted","Thu Jan 13 20:02:40 PST 2022","Thu Jan 13 20:43:18 PST 2022","Tue Jan 18 20:43:18 PST 2022","","","","2438","0% (0/0)","0% (0/0)","0% (0/0)","30008"
"31GN6YMHMWFV8DVSYV4GWF5B5V0SWQ","37D300AOKUPRVL0O6GBTL43VK4YIDZ","Score computer generated poetry","Review a series of poems and score their quality","survey, reading","$2.00","Thu Jan 13 17:30:53 PST 2022","104","BatchId:4648358;OriginalHitTemplateId:920937340;","3600","432000","Sun Jan 16 13:49:35 PST 2022","","","3VFJCI1K47MPWW39U35V9LAFB5ARGM","A13B52O6OQBPO","Submitted","Thu Jan 13 18:31:38 PST 2022","Thu Jan 13 19:27:42 PST 2022","Tue Jan 18 19:27:42 PST 2022","","","","3364","0% (0/0)","0% (0/0)","0% (0/0)","47787"
"31GN6YMHMWFV8DVSYV4GWF5B5V0SWQ","37D300AOKUPRVL0O6GBTL43VK4YIDZ","Score computer generated poetry","Review a series of poems and score their quality","survey, reading","$2.00","Thu Jan 13 17:30:53 PST 2022","104","BatchId:4648358;OriginalHitTemplateId:920937340;","3600","432000","Sun Jan 16 13:49:35 PST 2022","","","3VSOLARPKJWIYKVZ57YPZ6LC1E0394","A2S4KG1BKZNZ4N","Rejected","Thu Jan 13 17:31:18 PST 2022","Thu Jan 13 18:25:52 PST 2022","Tue Jan 18 18:25:52 PST 2022","","Sun Jan 16 12:49:36 PST 2022","Did not submit valid survey code. Used WorkerID instead","3274","0% (0/1)","0% (0/1)","0% (0/1)","A2S4KG1BKZNZ4N"
"31GN6YMHMWFV8DVSYV4GWF5B5V0SWQ","37D300AOKUPRVL0O6GBTL43VK4YIDZ","Score computer generated poetry","Review a series of poems and score their quality","survey, reading","$2.00","Thu Jan 13 17:30:53 PST 2022","104","BatchId:4648358;OriginalHitTemplateId:920937340;","3600","432000","Sun Jan 16 13:49:35 PST 2022","","","3W2LOLRXLJ2UYIZSKUQA7D28IMRKRI","A133HSQ3JQ0GM3","Submitted","Thu Jan 13 18:01:43 PST 2022","Thu Jan 13 18:20:32 PST 2022","Tue Jan 18 18:20:32 PST 2022","","","","1129","0% (0/0)","0% (0/0)","0% (0/0)","15698"
"31GN6YMHMWFV8DVSYV4GWF5B5V0SWQ","37D300AOKUPRVL0O6GBTL43VK4YIDZ","Score computer generated poetry","Review a series of poems and score their quality","survey, reading","$2.00","Thu Jan 13 17:30:53 PST 2022","104","BatchId:4648358;OriginalHitTemplateId:920937340;","3600","432000","Sun Jan 16 13:49:35 PST 2022","","","3WJEQKOXAGP0T0RPA9Y678HZ9C6A10","A3BKSE4SUNH619","Submitted","Thu Jan 13 17:42:05 PST 2022","Thu Jan 13 18:22:25 PST 2022","Tue Jan 18 18:22:25 PST 2022","","","","2420","0% (0/0)","0% (0/0)","0% (0/0)","27838"
"31GN6YMHMWFV8DVSYV4GWF5B5V0SWQ","37D300AOKUPRVL0O6GBTL43VK4YIDZ","Score computer generated poetry","Review a series of poems and score their quality","survey, reading","$2.00","Thu Jan 13 17:30:53 PST 2022","104","BatchId:4648358;OriginalHitTemplateId:920937340;","3600","432000","Sun Jan 16 13:49:35 PST 2022","","","3WLEIWSYHW4MS8HZZJ8CTDE8EDH2HR","A2HV4CW3WKAWO0","Submitted","Thu Jan 13 19:36:03 PST 2022","Thu Jan 13 19:47:03 PST 2022","Tue Jan 18 19:47:03 PST 2022","","","","660","0% (0/0)","0% (0/0)","0% (0/0)","71554"
"31GN6YMHMWFV8DVSYV4GWF5B5V0SWQ","37D300AOKUPRVL0O6GBTL43VK4YIDZ","Score computer generated poetry","Review a series of poems and score their quality","survey, reading","$2.00","Thu Jan 13 17:30:53 PST 2022","104","BatchId:4648358;OriginalHitTemplateId:920937340;","3600","432000","Sun Jan 16 13:49:35 PST 2022","","","3X65QVEQI8A1CMSRNXCGXIG17L3CLH","A3FYXMCBHCPO6I","Submitted","Thu Jan 13 18:34:02 PST 2022","Thu Jan 13 19:02:57 PST 2022","Tue Jan 18 19:02:57 PST 2022","","","","1735","0% (0/0)","0% (0/0)","0% (0/0)","17808"
"31GN6YMHMWFV8DVSYV4GWF5B5V0SWQ","37D300AOKUPRVL0O6GBTL43VK4YIDZ","Score computer generated poetry","Review a series of poems and score their quality","survey, reading","$2.00","Thu Jan 13 17:30:53 PST 2022","104","BatchId:4648358;OriginalHitTemplateId:920937340;","3600","432000","Sun Jan 16 13:49:35 PST 2022","","","3X73LLYYQ91IHU6SL26WL1H6P8YNHT","A22DF0EWILGRLV","Submitted","Thu Jan 13 17:55:13 PST 2022","Thu Jan 13 18:42:05 PST 2022","Tue Jan 18 18:42:05 PST 2022","","","","2812","0% (0/0)","0% (0/0)","0% (0/0)","62754"
"31GN6YMHMWFV8DVSYV4GWF5B5V0SWQ","37D300AOKUPRVL0O6GBTL43VK4YIDZ","Score computer generated poetry","Review a series of poems and score their quality","survey, reading","$2.00","Thu Jan 13 17:30:53 PST 2022","104","BatchId:4648358;OriginalHitTemplateId:920937340;","3600","432000","Sun Jan 16 13:49:35 PST 2022","","","3X87C8JFVEYSA0X0COACT9JD3U2QS4","A3I9743KVD971V","Submitted","Thu Jan 13 17:31:07 PST 2022","Thu Jan 13 18:13:16 PST 2022","Tue Jan 18 18:13:16 PST 2022","","","","2529","0% (0/0)","0% (0/0)","0% (0/0)","74419"
"31GN6YMHMWFV8DVSYV4GWF5B5V0SWQ","37D300AOKUPRVL0O6GBTL43VK4YIDZ","Score computer generated poetry","Review a series of poems and score their quality","survey, reading","$2.00","Thu Jan 13 17:30:53 PST 2022","104","BatchId:4648358;OriginalHitTemplateId:920937340;","3600","432000","Sun Jan 16 13:49:35 PST 2022","","","3XCC1ODXDTYG9LXNXZA73ZEHHSJQRG","A139T58A6VX1ZJ","Submitted","Thu Jan 13 17:45:30 PST 2022","Thu Jan 13 17:58:47 PST 2022","Tue Jan 18 17:58:47 PST 2022","","","","797","0% (0/0)","0% (0/0)","0% (0/0)","53796"
"31GN6YMHMWFV8DVSYV4GWF5B5V0SWQ","37D300AOKUPRVL0O6GBTL43VK4YIDZ","Score computer generated poetry","Review a series of poems and score their quality","survey, reading","$2.00","Thu Jan 13 17:30:53 PST 2022","104","BatchId:4648358;OriginalHitTemplateId:920937340;","3600","432000","Sun Jan 16 13:49:35 PST 2022","","","3XLBSAQ9ZCZF5UEZBHVEPBZLLJA7ZS","ATCHOIJCWWNOK","Submitted","Thu Jan 13 17:46:32 PST 2022","Thu Jan 13 18:22:38 PST 2022","Tue Jan 18 18:22:38 PST 2022","","","","2166","0% (0/0)","0% (0/0)","0% (0/0)","15513"
"31GN6YMHMWFV8DVSYV4GWF5B5V0SWQ","37D300AOKUPRVL0O6GBTL43VK4YIDZ","Score computer generated poetry","Review a series of poems and score their quality","survey, reading","$2.00","Thu Jan 13 17:30:53 PST 2022","104","BatchId:4648358;OriginalHitTemplateId:920937340;","3600","432000","Sun Jan 16 13:49:35 PST 2022","","","3YDTZAI2W53LRBB818OFU5VZH2814E","A2HFCXHEDZ2SOW","Rejected","Thu Jan 13 17:35:55 PST 2022","Thu Jan 13 18:30:55 PST 2022","Tue Jan 18 18:30:55 PST 2022","","Sun Jan 16 12:49:36 PST 2022","Did not submit valid survey code. Used WorkerID instead","3300","0% (0/1)","0% (0/1)","0% (0/1)","A2HFCXHEDZ2SOW"
"31GN6YMHMWFV8DVSYV4GWF5B5V0SWQ","37D300AOKUPRVL0O6GBTL43VK4YIDZ","Score computer generated poetry","Review a series of poems and score their quality","survey, reading","$2.00","Thu Jan 13 17:30:53 PST 2022","104","BatchId:4648358;OriginalHitTemplateId:920937340;","3600","432000","Sun Jan 16 13:49:35 PST 2022","","","3ZOTGHDK5QYPPOKKXBI844ODOTKSOY","A12FTSX85NQ8N9","Submitted","Thu Jan 13 17:30:56 PST 2022","Thu Jan 13 18:11:17 PST 2022","Tue Jan 18 18:11:17 PST 2022","","","","2421","0% (0/0)","0% (0/0)","0% (0/0)","43345"
"31GN6YMHMWFV8DVSYV4GWF5B5V0SWQ","37D300AOKUPRVL0O6GBTL43VK4YIDZ","Score computer generated poetry","Review a series of poems and score their quality","survey, reading","$2.00","Thu Jan 13 17:30:53 PST 2022","104","BatchId:4648358;OriginalHitTemplateId:920937340;","3600","432000","Sun Jan 16 13:49:35 PST 2022","","","3ZR9AIQJUJWLKMQQ5PKFG0CPCA840K","A38RPQWJRZTW00","Submitted","Thu Jan 13 18:05:29 PST 2022","Thu Jan 13 18:31:49 PST 2022","Tue Jan 18 18:31:49 PST 2022","","","","1580","0% (0/0)","0% (0/0)","0% (0/0)","25134"
"31GN6YMHMWFV8DVSYV4GWF5B5V0SWQ","37D300AOKUPRVL0O6GBTL43VK4YIDZ","Score computer generated poetry","Review a series of poems and score their quality","survey, reading","$2.00","Thu Jan 13 17:30:53 PST 2022","104","BatchId:4648358;OriginalHitTemplateId:920937340;","3600","432000","Sun Jan 16 13:49:35 PST 2022","","","3ZWFC4W1U2UJIW7EJJZDR0A3ARCRFR","A11T8DRFD5UQRV","Submitted","Thu Jan 13 22:07:37 PST 2022","Thu Jan 13 22:37:27 PST 2022","Tue Jan 18 22:37:27 PST 2022","","","","1790","0% (0/0)","0% (0/0)","0% (0/0)","46192"
"31GN6YMHMWFV8DVSYV4GWF5B5V0SWQ","37D300AOKUPRVL0O6GBTL43VK4YIDZ","Score computer generated poetry","Review a series of poems and score their quality","survey, reading","$2.00","Thu Jan 13 17:30:53 PST 2022","104","BatchId:4648358;OriginalHitTemplateId:920937340;","3600","432000","Sun Jan 16 13:49:35 PST 2022","","","3ZY8KE4ISRQ82SE46JFH4W3K2YWQV9","AXKJ1FBR9K0LQ","Submitted","Thu Jan 13 17:45:10 PST 2022","Thu Jan 13 18:05:34 PST 2022","Tue Jan 18 18:05:34 PST 2022","","","","1224","0% (0/0)","0% (0/0)","0% (0/0)","10257"
"31GN6YMHMWFV8DVSYV4GWF5B5V0SWQ","37D300AOKUPRVL0O6GBTL43VK4YIDZ","Score computer generated poetry","Review a series of poems and score their quality","survey, reading","$2.00","Thu Jan 13 17:30:53 PST 2022","104","BatchId:4648358;OriginalHitTemplateId:920937340;","3600","432000","Sun Jan 16 13:49:35 PST 2022","","","3ZY8KE4ISRQ82SE46JFH4W3K2YWVQE","ARHBT4K14I7U","Submitted","Thu Jan 13 17:31:18 PST 2022","Thu Jan 13 17:52:10 PST 2022","Tue Jan 18 17:52:10 PST 2022","","","","1252","0% (0/0)","0% (0/0)","0% (0/0)","41252"